<?xml version="1.0" encoding="UTF-8"?>
<project-private xmlns="http://www.netbeans.org/ns/project-private/1">
    <editor-bookmarks xmlns="http://www.netbeans.org/ns/editor-bookmarks/2" lastBookmarkId="1">
        <file>
            <url>src/blockchain/Block1.java</url>
            <bookmark id="1">
                <name/>
                <line>105</line>
                <key/>
            </bookmark>
        </file>
    </editor-bookmarks>
    <open-files xmlns="http://www.netbeans.org/ns/projectui-open-files/2">
        <group>
            <file>file:/C:/Users/Qari/OneDrive%20-%20students.au.edu.pk/Desktop/alpha/DSA%20Project/DSA%20Project/BlockChain/src/blockchain/BlockChain.java</file>
            <file>file:/C:/Users/Qari/OneDrive%20-%20students.au.edu.pk/Desktop/alpha/DSA%20Project/DSA%20Project/BlockChain/src/blockchain/Block.java</file>
        </group>
    </open-files>
</project-private>
